Abercrombie  Neil,00002,15245Ackerman  Gary L.,00004,15000Aderholt  Robert B.,01460,29701Akin  W. Todd,01655,20123Alexander  Rodney,01727,90327Allen  Thomas H.,01461,29728Altmire  Jason,01873,20743Andrews  Robert E.,00021,29132Arcuri  Michael A.,01867,20736Baca  Joe,01614,29942Bachmann  Michele,01858,20728Bachus  Spencer,00038,29301Baird  Brian,01557,29938Baker  Richard H.,00047,15401Baldwin  Tammy,01558,29940Barrett  J. Gresham,01745,20347Barrow  John,01780,20507Bartlett  Roscoe G.,00060,29356Barton  Joe,00062,15085Bean  Melissa L.,01782,20509Becerra  Xavier,00070,29316Berkley  Shelley,01576,29922Berman  Howard L.,00082,15005Berry  Marion,01462,29702Biggert  Judy,01577,29912Bilbray  Brian P.,00087,29508Bilirakis  Gus M.,01838,20758Bishop  Rob,01753,20357Bishop  Sanford D.  Jr.,00091,29339Bishop  Timothy H.,01740,20338Blackburn  Marsha,01748,20351Blumenauer  Earl,00099,29588Blunt  Roy,01464,29735Boehner  John A.,00102,29137Bonner  Jo,01703,20300Bono Mack  Mary,01465,29775Boozman  John,01687,20101Bordallo  Madeleine Z.,01723,NABoren  Dan,01796,20523Boswell  Leonard L.,01466,29721Boucher  Rick,00113,15010Boustany  Charles W.  Jr.,01787,20514Boyd  Allen,01467,29713Boyda  Nancy E.,01852,20721Brady  Kevin,01468,29760Brady  Robert A.,01469,29777Braley  Bruce L.,01845,20719Broun  Paul C.,01882,NABrown  Corrine,00132,29328Brown  Henry E.  Jr.,01669,20137Brown-Waite  Ginny,01713,20313Buchanan  Vern,01840,20709Burgess  Michael C.,01751,20355Burton  Dan,00154,15014Butterfield  G. K.,01761,20340Buyer  Steve,00160,29350Calvert  Ken,00165,29323Camp  Dave,00166,29124Campbell  John,01816,20539Cannon  Chris,01470,29766Cantor  Eric,01674,20144Capito  Shelley Moore,01676,20146Capps  Lois,01471,29774Capuano  Michael E.,01564,29919Cardoza  Dennis A.,01709,20306Carnahan  Russ,01789,20516Carney  Christopher P.,01876,20746Carson  Andre,01889,20757Carson  Julia,01473,29720Carter  John R.,01752,20356Castle  Michael N.,00183,29327Castor  Kathy,01839,20708Cazayoux  Donald J.  Jr.,01891,20760Chabot  Steve,00186,29550Chandler  Ben,01759,01635Childers  Travis,01893,20761Christensen  Donna M.,01474,NAClarke  Yvette D.,01864,20733Clay  Wm. Lacy,01654,20147Cleaver  Emanuel,01790,20517Clyburn  James E.,00208,39301Coble  Howard,00211,15092Cohen  Steve,01878,20748Cole  Tom,01742,20344Conaway  K. Michael,01805,20531Conyers  John  Jr.,00229,10713Cooper  Jim,00231,15019Costa  Jim,01774,20501Costello  Jerry F.,00238,15453Courtney  Joe,01836,20706Cramer  Robert E. (Bud)  Jr.,00247,29100Crenshaw  Ander,01643,20111Crowley  Joseph,01604,29925Cubin  Barbara,00254,29584Cuellar  Henry,01807,20533Culberson  John Abney,01670,20139Cummings  Elijah E.,00256,29587Davis  Artur,01705,20302Davis  Danny K.,01477,29717Davis  David,01877,20747Davis  Geoff,01784,20511Davis  Jo Ann,01672,20141 Davis  Lincoln,01747,20350Davis  Susan A.,01641,20108Davis  Tom,00274,29576Deal  Nathan,00277,99342DeFazio  Peter A.,00279,15410DeGette  Diana,01479,29710Delahunt  William D.,01480,29731DeLauro  Rosa L.,00281,29109Dent  Charles W.,01799,20526Diaz-Balart  Lincoln,00294,29336Diaz-Balart  Mario,01717,20316Dicks  Norman D.,00297,14413Dingell  John D.,00299,02605Doggett  Lloyd,00303,29571Donnelly  Joe,01850,20717Doolittle  John T.,00307,29104Doyle  Michael F.,00316,29561Drake  Thelma D.,01808,20534Dreier  David,00317,14813Duncan  John J.  Jr.,00322,15455Edwards  Chet,00335,29144Edwards  Donna F.,01894,20763Ehlers  Vernon J.,00339,16114Ellison  Keith,01857,20727Ellsworth  Brad,01851,20718Emanuel  Rahm,01725,20323Emerson  Jo Ann,01481,29736Engel  Eliot L.,00344,15603English  Phil,00347,29563Eshoo  Anna G.,00355,29312Etheridge  Bob,01482,29745Everett  Terry,00364,29300Faleomavaega  Eni F.H.,00367,NAFallin  Mary,01872,20742Farr  Sam,00368,29313Fattah  Chaka,00371,29559Feeney  Tom,01716,20315Ferguson  Mike,01659,20127Filner  Bob,00381,29325Flake  Jeff,01633,20100Forbes  J. Randy,01683,20143Fortenberry  Jeff,01793,20518Fortuno  Luis G.,01800,NAFossella  Vito,01484,29773Foster  Bill,01888,20749Foxx  Virginia,01791,20521Frank  Barney,00407,14824Franks  Trent,01707,20304Frelinghuysen  Rodney P.,00414,29541Fudge  Marcia L.,01895,NAGallegly  Elton,00425,15413Garrett  Scott,01737,20336Gerlach  Jim,01743,20345Giffords  Gabrielle,01831,20701Gilchrest  Wayne T.,00438,29122Gillibrand  Kirsten E.,01866,20735Gillmor  Paul E.,00439,15604Gingrey  Phil,01720,20319Gohmert  Louie,01801,20527Gonzalez  Charles A.,01555,29943Goode  Virgil H.  Jr.,01486,89767Goodlatte  Bob,00446,39308Gordon  Bart,00448,15100Granger  Kay,01487,29762Graves  Sam,01656,20124Green  Al,01803,20529Green  Gene,00462,39304Grijalva  Raul M.,01708,20305Gutierrez  Luis V.,00478,29348Hall  John J.,01865,20734Hall  Ralph M.,00484,94828Hare  Phil,01849,20716Harman  Jane,00502,29318Hastert  J. Dennis, 00510, 15417Hastings  Alcee L.,00511,29337Hastings  Doc,00512,29580Hayes  Robin,01600,29929Heller  Dean,01863,20730Hensarling  Jeb,01749,20352Herger  Wally,00533,15420Herseth  Stephanie,01760,20349Higgins  Brian,01794,20519Hill  Baron P.,01578,29914Hinchey  Maurice D.,00541,29380Hinojosa  Ruben,01490,29763Hirono  Mazie K.,01844,20713Hobson  David L.,00545,29136Hodes  Paul W.,01862,20732Hoekstra  Peter,00547,29361Holden  Tim,00550,29396Holt  Rush D.,01580,29923Honda  Michael M.,01634,20103Hooley  Darlene,01491,29750Hoyer  Steny H.,00566,14873Hulshof  Kenny C.,01492,29737Hunter  Duncan,00575,14835Inglis  Bob,00582,39300Inslee  Jay,00584,29937Israel  Steve,01663,20129Issa  Darrell E.,01640,20107Jackson  Jesse L.  Jr.,00587,29585Jackson-Lee  Sheila,00588,29573Jefferson  William J.,00592,29120Jindal  Bobby,01785,20512Johnson  Eddie Bernice,00599,39305Johnson  Henry C. Hank  Jr.,01843,20712Johnson  Sam,00603,29143Johnson  Timothy V.,01648,20116Jones  Stephanie Tubbs,01581,29930Jones  Walter B.  Jr.,00612,29546Jordan  Jim,01868,20738Kagen  Steve,01880,20751Kanjorski  Paul E.,00615,15104Kaptur  Marcy,00616,15029Keller  Ric,01644, 20112Kennedy  Patrick J.,00627,29564Kildee  Dale E.,00631,14430Kilpatrick  Carolyn C.,01497,29733Kind  Ron,01498,29769King  Peter T.,00635,29375King  Steve,01724,20325Kingston  Jack,00636,29338Kirk  Mark Steven,01647,20115Klein  Ron,01842,20711Kline  John,01733,20333Knollenberg  Joe,00642,29365Kucinich  Dennis J.,01499,29748Kuhl  John R. Randy  Jr.,01795,20520LaHood  Ray,00659,29517Lamborn  Doug,01834,20704Lampson  Nick,01500,29761Langevin  James R.,01668,20136Lantos  Tom,00663,14837Larsen  Rick,01675,20145Larson  John B.,01583,29908Latham  Tom,00666,29522LaTourette  Steven C.,00667,29553Latta  Robert E.,01885,20755Lee  Barbara,01501,29778Levin  Sander M.,00683,15033Lewis  Jerry,00687,14644Lewis  John,00688,15431Lewis  Ron,00689,29352Linder  John,00693,29341Lipinski  Daniel,01781,20508LoBiondo  Frank A.,00699,29539Loebsack  David,01846,20720Lofgren  Zoe,00701,29504Lowey  Nita M.,00709,15612Lucas  Frank D.,00711,29393Lungren  Daniel E.,00717,14647Lynch  Stephen F.,01686,20119Mack  Connie,01776,20503Mahoney  Tim,01841,20710Maloney  Carolyn B.,00729,29379Manzullo  Donald A.,00733,29349Marchant  Kenny,01806,20532Markey  Edward J.,00735,14435Marshall  Jim,01718,20317Matheson  Jim,01671,20140Matsui  Doris O.,01814,20538McCarthy  Carolyn,01503,29744McCarthy  Kevin,01833,20703McCaul  Michael T.,01804,20530McCollum  Betty,01653,20122McCotter  Thaddeus G.,01732,20332McCrery  Jim,00763,15451McDermott  Jim,00766,15613McGovern  James P.,01504,29729McHenry  Patrick T.,01792,20522McHugh  John M.,00773,14253McIntyre  Mike,01505,29746McKeon  Howard P. Buck,00778,29315McMorris Rodgers  Cathy,01809,20535McNerney  Jerry,01832,20702McNulty  Michael R.,00785,15614Meehan  Martin T.,00788,29358Meek  Kendrick B.,01715,20358Meeks  Gregory W.,01506,29776Melancon  Charlie,01786,20513Mica  John L.,00800,29331Michaud  Michael H.,01730,20328Millender-McDonald  Juanita,00805,29586Miller  Brad,01735,20341Miller  Candice S.,01731,20331Miller  Gary G.,01584,29905Miller  George,00808,14256Miller  Jeff,01685,20110Mitchell  Harry E.,01830,20700Mollohan  Alan B.,00824,15083Moore  Dennis,01561,29915Moore  Gwen,01811,20537Moran  James P.,00832,29149Moran  Jerry,01507,29722Murphy  Christopher S.,01837,20707Murphy  Patrick J.,01875,20745Murphy  Tim,01744,20346Murtha  John P.,00844,14072Musgrave  Marilyn N.,01711,20311Myrick  Sue Wilkins,00849,29549Nadler  Jerrold,00850,29377Napolitano  Grace F.,01602,29903Neal  Richard E.,00854,15616Neugebauer  Randy,01758,20353Norton  Eleanor Holmes,00868,NANorwood  Charles W.,00869,06978Nunes  Devin,01710,20307Oberstar  James L.,00876,14265Obey  David R.,00877,12036Olver  John W.,00879,29123Ortiz  Solomon P.,00880,15049Pallone  Frank  Jr.,00887,15454Pascrell  Bill  Jr.,01510,29741Pastor  Ed,00893,29101Paul  Ron,00900,14290Payne  Donald M.,00902,15619Pearce  Stevan,01738,20337Pelosi  Nancy,00905,15448Pence  Mike,01649,20117Perlmutter  Ed,01835,20705Peterson  Collin C.,00910,29127Peterson  John E.,01512,29751Petri  Thomas E.,00912,14675Pickering  Charles W. Chip,01513,29734Pitts  Joseph R.,01514,29752Platts  Todd Russell,01667,20135Poe  Ted,01802,20528Pomeroy  Earl,00922,29384Porter  Jon C.,01739,20334Price  David E.,00930,15438Price  Tom,01778,20505Pryce  Deborah,00933,29390Putnam  Adam H.,01645,20113Radanovich  George,00939,29505Rahall  Nick J.  II,00940,14448Ramstad  Jim,00942,29126Rangel  Charles B.,00944,13035Regula  Ralph,00951,14045Rehberg  Dennis R.,01657,20125Reichert  David G.,01810,20536Renzi  Rick,01706,20303Reyes  Silvestre,01516,29764Reynolds  Thomas M.,01587,29928Richardson  Laura,01883,20752Rodriguez  Ciro D.,01518,29771Rogers  Harold,00977,14854Rogers  Mike D.,01704,20301Rogers  Mike J.,01651,20120Rohrabacher  Dana,00979,15621Roskam  Peter J.,01848,20715Ros-Lehtinen  Ileana,00985,15634Ross  Mike,01632,20102Rothman  Steven R.,01520,29742Roybal-Allard  Lucille,00997,29317Royce  Edward R.,00998,29321Ruppersberger  C. A. Dutch,01728,20329Rush  Bobby L.,01003,29346Ryan  Paul,01560,29939Ryan  Tim,01756,20343Salazar  John T.,01775,20502Sali  Bill,01847,20714Sanchez  Linda T.,01757,20310Sanchez  Loretta,01522,29709Sarbanes  John P.,01854,20724Saxton  Jim,01023,15112Scalise  Steve,01892,20759Schakowsky  Janice D.,01588,29911Schiff  Adam B.,01635,20104Schmidt  Jean,01815,20540Schwartz  Allyson Y.,01798,20525Scott  David,01722,20321Scott  Robert C. Bobby,01037,39307Sensenbrenner  F. James  Jr.,01041,14657Serrano  Jose E.,01042,29134Sessions  Pete,01525,29759Sestak  Joe,01874,20744Shadegg  John B.,01043,29501Shays  Christopher,01048,15449Shea-Porter  Carol,01861,20731Sherman  Brad,01526,29707Shimkus  John,01527,29718Shuler  Heath,01859,20737Shuster  Bill,01681,20134Simpson  Michael K.,01590,29910Sires  Albio,01818,20542Skelton  Ike,01064,14451Slaughter  Louise McIntosh,01069,15444Smith  Adam,01528,29768Smith  Adrian,01860,20729Smith  Christopher H.,01071,14863Smith  Lamar,01075,15445Snyder  Vic,01530,29703Solis  Hilda L.,01636,20105Souder  Mark E.,01089,29519Space  Zachary T.,01871,20741Speier  Jackie,01890,20762Spratt  John M.  Jr.,01092,15064Stark  Fortney Pete,01101,14053Stearns  Cliff,01103,15627Stupak  Bart,01123, 29360Sullivan  John,01689,20131Sutton  Betty,01870,20740Tancredo  Thomas G.,01592,29907Tanner  John S.,01137,15628Tauscher  Ellen O.,01533,29705Taylor  Gene,01142,15637Terry  Lee,01566,29921Thompson  Bennie G.,01151,29368Thompson  Mike,01593,29901Thornberry  Mac,01155,29572Tiahrt  Todd,01158,29524Tiberi  Patrick J.,01664,20130Tierney  John F.,01535,29730Towns  Edolphus,01165,15072Tsongas  Niki,01884,20754Turner  Michael R.,01741,20342Udall  Mark,01595,29906Udall  Tom,01567,29924Upton  Fred,01177,15446Van Hollen  Chris,01729,20330Velazquez  Nydia M.,01184,29378Visclosky  Peter J.,01188,15124Walberg  Timothy,01855,20725Walden  Greg,01596,29932Walsh  James T.,01197,15630Walz  Timothy J.,01856,20726Wamp  Zach,01199,29567Wasserman Schultz  Debbie,01777,20504Waters  Maxine,01205,29106Watson  Diane E.,01682,20106Watt  Melvin L.,01207,29383Waxman  Henry A.,01209,14280Weiner  Anthony D.,01597,29926Welch  Peter,01879,20750Weldon  Dave,01215,29509Weller  Jerry,01216,29516Westmoreland  Lynn A.,01779,20506Wexler  Robert,01537,29715Whitfield  Ed,01222,29525Wicker  Roger F.,01226,29534Wilson  Charles A.,01869,20739Wilson  Heather,01539,29779Wilson  Joe,01688,20138Wittman  Robert J.,01886,20756Wolf  Frank R.,01238,14869Woolsey  Lynn C.,01242,29309Wu  David,01598,29931Wynn  Albert Russell,01251,29355Yarmuth  John A.,01853,20723Young  C.W. Bill,01255,13047Young  Don,01256,14066